Date,AKER BP,DNB BANK,EQUINOR,GJENSIDIGE FORSIKR,HAFNIA LIMITED,HÖEGH AUTOLINERS,KONGSBERG GRUPPEN,MOWI,NEL,NORSK HYDRO,ORKLA,REACH SUBSEA,TELENOR,YARA INTERNATIONAL
2025-01-08,243.3,229.2,284.32814,203.3638,63.0,112.8,261.6,193.5,2.865,62.68,93.841176,7.5,127.8,307.1
2025-01-09,245.2,228.5,284.82073,208.14414,62.95,110.0,252.2,197.15,3.013,64.48,96.877494,7.42,128.4,311.1
2025-01-10,252.2,229.4,289.74672,204.35971,67.5,114.5,249.4,195.2,2.825,64.38,95.26445,7.54,127.9,314.1
2025-01-13,256.1,232.1,293.68752,205.35561,69.15,112.3,243.8,193.55,2.101,65.32,93.936061,7.42,127.9,317.2
2025-01-14,255.4,233.8,286.39705,206.94906,69.15,110.0,246.8,197.3,2.266,65.44,93.461637,7.4,128.2,327.3
2025-01-15,255.3,235.7,286.88965,209.33923,67.85,108.1,247.2,202.4,2.25,66.92,92.987212,7.36,129.5,333.8
2025-01-16,254.0,236.5,280.73216,208.94087,66.25,109.2,248.0,207.6,2.175,67.14,93.509079,7.6,130.7,329.6
2025-01-17,256.5,237.8,281.37254,208.94087,62.7,104.6,251.0,210.3,2.251,68.7,94.315601,7.58,132.6,332.0
2025-01-20,252.2,237.7,277.28397,208.54251,58.85,104.0,255.2,210.6,2.329,69.48,94.695141,7.6,134.1,333.3
2025-01-21,247.8,238.6,271.02796,210.33514,57.7,105.2,259.0,210.9,2.266,67.42,95.169565,7.62,134.0,334.3
2025-01-22,248.1,238.5,268.90979,212.12776,57.2,104.4,268.0,211.7,2.211,66.68,94.837468,7.62,133.0,332.0
2025-01-23,249.3,241.4,272.40724,208.14414,58.85,106.4,274.2,215.6,2.208,66.48,94.410486,7.7,135.9,332.0
2025-01-24,240.0,240.4,263.9838,226.86716,56.7,104.6,274.0,214.8,2.23,66.7,95.549105,7.72,132.7,328.6
2025-01-27,239.0,241.5,263.93454,230.85078,58.2,105.0,271.0,215.5,2.226,65.26,96.877494,7.7,135.0,333.3
2025-01-28,238.8,244.3,261.71784,232.44423,56.85,105.0,269.8,219.6,2.338,65.32,97.731458,7.76,136.4,338.5
2025-01-29,238.2,245.6,266.59457,231.04996,57.6,106.2,272.2,221.8,2.278,66.38,98.680307,7.84,138.1,338.9
2025-01-30,237.2,244.1,267.48125,232.44423,58.85,105.3,270.0,230.0,2.368,67.76,99.913811,8.0,138.8,345.0
2025-01-31,236.7,240.8,269.59943,231.24914,59.85,103.1,269.2,227.3,2.375,66.96,99.913811,7.86,138.4,339.0
2025-02-03,236.1,238.2,269.30387,231.6475,60.05,102.3,267.6,218.8,2.233,66.04,98.110997,7.66,138.2,333.8
2025-02-04,240.8,240.2,273.688,233.44013,62.25,104.5,265.2,219.2,2.302,66.38,97.446803,7.82,138.9,336.6
2025-02-05,245.0,243.0,262.40748,231.04996,60.75,102.7,262.0,217.5,2.31,66.1,97.351918,8.06,138.4,335.1
2025-02-06,243.0,243.5,258.86077,229.65569,59.6,103.3,257.2,216.4,2.279,68.58,98.395652,8.3,140.7,334.0
2025-02-07,245.0,240.1,260.2893,229.25733,60.0,104.3,241.6,215.8,2.341,67.78,98.395652,8.28,139.8,310.3
2025-02-10,251.7,240.3,268.46645,227.4647,59.0,101.6,226.6,217.3,2.34,67.2,98.964962,8.5,138.8,312.6
2025-02-11,257.6,241.2,277.33323,229.85487,60.55,104.8,226.6,218.9,2.222,65.68,99.154731,8.6,139.5,320.0
2025-02-12,249.1,237.2,265.85567,229.65569,60.8,106.9,227.0,216.3,2.232,65.7,98.016113,7.8,139.7,316.8
2025-02-13,245.4,238.9,256.95,228.85897,59.5,104.7,227.8,219.5,2.335,66.74,103.04501,7.86,139.5,322.1
2025-02-14,245.7,239.8,257.7,227.26552,57.85,94.9,230.2,222.5,2.359,65.82,102.00128,7.72,138.6,323.1
2025-02-17,237.1,242.8,252.65,229.05815,55.1,92.55,246.0,221.0,2.44,67.52,102.4757,7.48,138.6,327.2
2025-02-18,237.5,243.9,253.0,228.26143,57.15,93.65,249.0,219.9,2.438,65.88,101.14731,7.46,139.2,329.6
2025-02-19,239.6,249.8,260.15,225.47289,57.05,90.9,256.2,219.0,2.44,66.06,100.48312,7.48,139.2,321.9
2025-02-20,240.7,249.4,259.4,224.07862,56.1,88.45,257.0,216.2,2.424,67.76,100.38824,7.4,140.0,317.8
2025-02-21,238.2,252.6,258.15,223.68026,56.2,86.7,267.4,215.3,2.357,66.44,101.14731,7.48,141.2,320.5
2025-02-24,235.3,254.3,258.1,225.87125,55.1,82.05,265.0,214.4,2.28,66.78,102.4757,7.36,142.5,324.0
2025-02-25,233.8,254.1,253.95,226.4688,54.55,77.85,269.6,215.0,2.22,66.62,102.09616,7.3,145.1,327.3
2025-02-26,231.4,258.7,255.05,230.25324,54.7,77.5,273.4,215.7,2.358,67.54,102.85524,7.12,145.3,329.7
2025-02-27,233.2,258.6,258.9,229.85487,48.44,76.25,269.0,209.4,2.41,66.92,102.76036,6.94,144.6,328.8
2025-02-28,232.5,259.0,257.4,229.85487,48.08,76.15,273.0,209.4,2.232,66.22,103.1399,6.62,145.8,319.7
2025-03-03,232.5,262.0,259.55,231.44832,45.76,75.6,316.4,206.2,2.139,67.26,103.99386,6.54,146.0,317.0
2025-03-04,217.0,256.2,248.1,231.84668,44.7,73.85,313.6,199.0,2.138,63.68,105.0376,6.06,146.8,312.6
2025-03-05,216.3,261.1,244.05,231.24914,47.44,73.35,325.8,199.05,2.126,66.84,103.32967,6.06,144.4,320.0
2025-03-06,218.3,262.8,242.65,229.25733,47.06,74.45,323.0,198.1,1.9925,71.48,101.52685,6.7,143.7,331.4
2025-03-07,227.9,265.4,252.25,228.65979,47.84,75.45,312.0,203.0,1.977,70.26,102.85524,6.62,146.0,332.1
2025-03-10,231.8,264.8,263.05,228.46061,44.68,76.4,302.0,200.9,2.047,67.4,102.66547,6.76,147.1,335.0
2025-03-11,228.4,263.0,258.3,229.85487,44.3,76.5,309.0,200.1,1.962,67.84,101.81151,6.78,146.9,333.5
2025-03-12,225.3,260.1,254.9,233.83849,44.98,77.85,308.2,196.6,2.915,66.58,101.05243,6.8,145.7,330.0
2025-03-13,230.8,266.4,259.35,239.81392,45.6,79.7,315.4,198.5,3.26,67.7,101.81151,6.94,148.2,325.5
2025-03-14,230.0,269.2,257.1,239.81392,45.14,79.6,330.2,201.5,2.79,67.58,103.1399,7.1,148.4,329.0
2025-03-17,233.9,270.4,261.0,241.00901,46.42,83.5,334.8,203.8,3.2,68.8,104.18363,7.26,148.5,332.4
2025-03-18,241.0,273.4,263.55,241.80573,46.98,84.25,321.2,205.7,3.284,69.44,103.99386,7.3,148.5,340.6
2025-03-19,243.8,274.1,267.3,242.2041,48.32,85.0,324.8,206.0,3.03,69.46,104.84783,7.48,148.2,343.1
2025-03-20,244.2,274.1,268.1,243.2,48.34,81.9,318.6,205.6,3.022,68.14,104.18363,7.5,148.4,340.0
2025-03-21,242.8,272.0,270.85,230.2,47.0,80.95,314.4,206.3,2.877,66.08,105.70179,7.4,150.0,334.2
2025-03-24,241.9,272.7,268.6,234.0,46.26,82.1,312.4,206.1,2.848,66.72,105.70179,7.4,148.5,333.2
2025-03-25,242.1,275.3,270.1,237.6,46.2,82.4,311.0,207.7,2.75,66.62,106.36598,7.4,148.4,321.7
2025-03-26,247.3,279.6,275.25,241.2,46.28,82.2,316.4,205.4,2.542,65.72,106.36598,7.5,149.4,323.7
2025-03-27,245.9,279.7,275.65,241.2,45.26,78.15,312.2,204.8,2.526,63.0,107.12506,7.4,149.4,320.0
2025-03-28,244.0,276.7,273.6,239.6,43.92,78.1,302.6,193.1,2.43,61.66,107.5046,7.4,150.4,314.2
2025-03-31,249.5,275.5,278.65,241.8,43.2,76.45,307.0,194.6,2.388,60.32,109.4023,7.4,150.5,315.9
2025-04-01,248.9,273.9,279.4,241.0,43.04,77.2,313.0,191.55,2.422,59.96,109.49719,7.4,151.7,317.2
2025-04-02,245.4,273.1,277.2,240.8,43.64,75.05,304.4,188.2,2.352,58.58,107.88414,7.36,149.4,307.9
2025-04-03,229.0,262.9,263.05,240.8,41.62,72.95,316.6,187.45,2.333,56.86,109.30742,7.4,150.4,302.8
2025-04-04,213.5,246.7,252.65,231.2,38.78,67.25,290.6,182.1,2.178,53.88,108.35857,6.7,146.1,297.1
2025-04-07,218.6,241.4,250.5,224.8,43.17,72.48,292.6,182.2,2.34,54.4,105.89156,6.77,139.5,305.0
2025-04-08,218.7,244.1,251.6,231.2,42.21,71.13,300.2,183.0,2.422,54.1,107.88414,7.05,140.7,302.5
2025-04-09,209.4,239.2,237.5,226.4,41.39,70.27,296.2,180.0,2.322,51.84,106.65064,6.79,137.7,297.6
2025-04-10,213.2,248.4,245.0,234.0,42.62,71.94,304.2,183.4,2.33,53.86,107.5046,6.7,141.9,304.8
2025-04-11,213.7,249.5,244.8,238.2,44.01,74.94,304.4,185.5,2.342,53.22,109.4023,7.05,142.8,308.0
2025-04-14,217.7,257.9,247.9,241.0,44.42,74.73,316.0,187.2,2.304,54.06,110.82558,7.0,145.3,309.3
2025-04-15,217.9,260.0,247.5,244.2,44.25,75.43,325.7,188.6,2.33,54.0,113.38747,6.79,146.7,308.8
2025-04-16,220.2,259.9,247.0,247.6,43.12,75.26,321.6,189.0,2.284,52.84,115.0954,6.8,149.4,311.6
2025-04-17,220.2,259.9,247.0,247.6,43.12,75.26,321.6,189.0,2.284,52.84,115.0954,6.8,149.4,311.6
2025-04-22,222.0,259.9,243.3,246.6,44.47,71.07,313.3,186.8,2.2,52.96,113.29258,6.9,150.8,314.4
2025-04-23,221.3,265.5,239.5,247.2,45.4,77.97,301.4,193.7,2.466,56.0,114.4312,6.76,148.1,324.4
2025-04-24,220.5,263.5,239.2,242.8,45.98,77.25,310.2,192.9,2.354,55.48,115.0954,6.88,148.9,326.3
2025-04-25,222.3,264.2,237.5,243.8,46.34,79.91,312.8,184.8,2.43,56.5,110.7,6.85,149.4,338.5
2025-04-28,223.8,267.5,238.6,245.2,46.97,79.15,313.2,187.3,2.432,56.38,111.5,6.81,150.5,347.0
2025-04-29,222.3,269.9,238.9,238.0,48.15,83.55,320.0,189.0,2.324,55.24,112.8,6.83,152.7,350.0
2025-04-30,223.2,258.8,237.9,242.6,47.85,83.0,333.6,190.1,2.224,54.6,115.6,6.74,156.2,335.2
2025-05-02,222.0,261.6,239.7,248.6,48.56,85.6,340.8,193.3,2.214,55.84,116.9,6.94,156.7,339.0
2025-05-05,219.1,263.6,241.3,250.6,50.84,77.93,345.9,192.6,2.29,55.6,117.3,6.93,156.7,339.5
2025-05-06,221.9,261.3,242.6,251.2,51.68,77.04,342.8,187.2,2.218,55.26,117.0,7.0,157.2,341.8
2025-05-07,221.7,271.5,236.4,253.4,50.98,76.75,341.8,186.6,2.214,55.24,118.4,6.9,157.7,344.0
2025-05-08,226.7,264.7,236.3,254.2,51.94,75.35,356.5,186.4,2.254,56.02,118.2,7.58,154.7,341.4
2025-05-09,232.9,263.3,238.2,253.2,52.1,77.88,325.4,187.6,2.304,57.08,111.4,7.6,153.1,340.7
2025-05-12,236.5,263.3,244.0,247.4,53.76,82.23,316.7,188.7,2.464,57.86,108.5,7.89,150.8,345.1
2025-05-13,239.7,262.9,243.8,249.2,53.68,83.87,320.6,189.2,2.458,57.92,107.7,7.81,149.7,348.2
2025-05-14,241.9,266.8,242.1,250.8,54.36,86.4,323.8,189.2,2.408,58.06,108.3,7.9,149.8,349.5
2025-05-15,239.4,270.7,241.1,257.6,52.74,86.3,333.7,191.8,2.3,57.66,110.7,7.64,152.0,357.8
2025-05-16,242.8,273.9,244.9,260.4,55.62,89.35,337.5,193.8,2.364,57.56,111.8,7.92,154.0,359.5
2025-05-19,238.4,275.1,240.9,260.8,54.86,88.25,342.4,192.3,2.422,56.82,113.1,7.73,155.8,361.2
2025-05-20,236.9,277.0,243.7,259.8,55.1,88.7,337.1,191.0,2.472,57.42,114.6,7.73,158.3,366.0
2025-05-21,237.2,277.7,244.7,262.8,54.88,88.85,348.6,194.9,2.638,57.36,114.7,7.75,158.5,369.3
2025-05-22,232.9,275.6,237.7,261.0,52.88,87.4,346.1,188.7,2.434,55.94,113.9,7.77,153.8,373.7
2025-05-23,232.9,275.6,239.8,260.8,52.02,87.8,346.6,188.6,2.42,55.76,114.7,7.74,154.5,376.4
2025-05-26,235.7,276.1,244.3,263.8,53.2,87.25,351.1,189.3,2.352,56.76,116.0,7.93,155.6,377.5
2025-05-27,236.0,277.8,247.1,262.0,52.96,87.0,358.2,191.9,2.368,56.7,115.7,8.06,155.9,379.3
2025-05-28,237.2,273.2,244.5,258.6,51.72,85.25,362.7,188.7,2.302,56.04,115.4,8.06,155.0,377.2
2025-05-29,237.2,273.2,244.5,258.6,51.72,85.25,362.7,188.7,2.302,56.04,115.4,8.06,155.0,377.2
2025-05-30,235.0,273.3,239.5,258.4,51.5,84.95,359.6,190.6,2.184,55.96,115.6,7.56,156.6,366.0
2025-06-02,244.1,275.5,244.6,259.0,51.52,88.35,359.5,188.0,2.244,55.7,114.8,7.45,156.5,371.7
2025-06-03,245.9,274.4,245.7,256.6,51.14,86.0,369.15,185.5,2.286,54.9,114.3,7.77,155.2,367.8
2025-06-04,247.6,274.9,247.9,258.0,50.96,86.0,365.65,187.2,2.388,54.32,114.7,7.63,155.0,372.1
2025-06-05,246.1,276.3,244.1,257.0,51.12,86.1,382.95,187.3,2.378,54.52,115.2,7.65,155.7,372.4
2025-06-06,245.7,277.3,246.4,257.0,51.92,93.0,366.1,191.2,2.386,54.32,115.0,8.09,155.0,367.9
2025-06-09,245.7,277.3,246.4,257.0,51.92,93.0,366.1,191.2,2.386,54.32,115.0,8.09,155.0,367.9
2025-06-10,254.0,277.3,254.2,256.4,51.56,90.0,371.95,192.5,2.486,55.58,114.9,7.82,153.3,367.7
2025-06-11,256.0,278.7,257.1,255.0,52.0,89.85,380.0,192.3,2.546,56.9,110.3,7.92,153.1,374.0
2025-06-12,258.5,280.0,261.1,252.2,53.32,90.35,385.0,190.4,2.456,56.1,110.3,7.96,153.7,375.6
2025-06-13,273.0,278.4,273.3,249.0,54.36,91.25,384.85,188.4,2.324,55.24,110.0,8.0,152.5,388.4
2025-06-16,273.3,282.4,272.9,248.6,54.3,90.55,385.05,188.9,2.36,56.46,108.7,8.0,152.1,398.5
2025-06-17,279.2,278.5,278.3,247.0,56.48,90.95,388.95,186.8,2.332,56.04,107.4,8.01,151.3,400.8
2025-06-18,279.9,281.9,277.9,246.8,56.64,91.1,389.95,184.8,2.348,55.44,108.3,7.94,152.7,396.7
2025-06-19,288.3,272.1,285.9,248.0,57.68,91.0,387.95,188.5,2.402,55.12,108.9,7.93,155.0,396.5
2025-06-20,279.4,276.9,280.8,252.6,56.66,90.85,394.4,189.9,2.44,55.56,108.8,7.92,153.7,389.8
2025-06-23,279.4,270.2,278.9,254.0,56.5,89.3,388.2,188.9,2.378,55.1,108.2,7.8,154.6,385.8
2025-06-24,265.9,272.1,257.5,254.0,53.06,89.2,378.5,190.5,2.498,55.44,107.8,7.6,155.4,378.7
2025-06-25,258.1,274.5,254.3,256.2,52.84,89.6,368.1,190.2,2.41,55.46,108.0,7.35,155.0,376.4
2025-06-26,256.3,274.3,253.6,253.8,52.52,88.65,377.65,189.9,2.438,56.84,107.7,7.4,153.2,364.6
2025-06-27,255.7,276.8,254.7,254.2,51.4,89.0,379.05,192.8,2.524,57.54,108.7,7.3,155.3,367.9
2025-06-30,257.8,278.6,255.1,255.4,50.64,89.15,390.85,194.6,2.514,57.54,109.6,7.68,156.7,372.0
2025-07-01,258.0,274.2,254.9,256.6,49.67,86.35,375.5,193.4,2.594,57.64,108.9,7.99,156.9,375.2
2025-07-02,261.8,277.5,258.3,254.2,50.36,88.0,362.9,197.3,2.63,59.58,107.9,7.91,156.9,378.3
2025-07-03,267.6,279.0,260.0,256.4,51.36,90.1,363.7,195.4,2.654,59.36,107.6,7.81,155.6,376.3
2025-07-04,263.2,278.2,261.6,258.8,50.9,89.55,367.4,193.9,2.75,58.78,107.6,7.81,157.0,376.0
2025-07-07,261.3,280.9,259.4,258.6,53.62,92.7,371.25,191.1,2.776,59.28,107.1,7.85,156.5,377.9
2025-07-08,262.8,282.6,261.4,259.2,53.38,94.2,369.2,191.6,2.668,60.08,107.0,7.79,156.1,387.0
2025-07-09,263.4,281.8,264.9,260.0,52.02,94.0,324.5,192.4,2.78,60.08,106.8,7.84,156.3,390.4
2025-07-10,264.0,284.5,268.9,262.0,52.68,95.15,326.05,188.1,2.924,61.32,106.6,7.79,156.3,388.2
2025-07-11,266.8,259.4,272.9,282.4,54.04,97.5,328.95,189.2,2.802,61.28,107.3,7.92,156.3,385.0
2025-07-14,266.0,263.1,270.4,283.8,53.18,97.45,322.0,193.1,2.664,60.7,107.7,7.91,157.4,385.8
2025-07-15,254.6,261.6,265.4,279.6,53.32,96.85,323.05,200.2,2.704,60.82,108.1,7.82,157.8,384.2
2025-07-16,249.2,260.4,264.0,281.2,53.34,98.25,316.6,196.6,2.624,60.16,108.7,7.82,158.4,386.0
2025-07-17,248.6,258.1,264.4,284.8,53.78,99.8,318.1,196.9,2.622,60.56,110.7,7.82,161.0,385.7
2025-07-18,246.4,258.5,265.6,281.2,53.78,100.8,321.05,193.7,2.684,60.84,109.6,7.82,162.8,382.4
2025-07-21,243.9,258.0,262.0,278.8,52.88,98.45,313.15,194.5,2.708,62.0,108.1,7.71,160.0,380.5
2025-07-22,245.0,257.3,261.4,278.0,54.46,97.45,314.35,195.6,2.712,63.7,108.2,7.87,161.2,388.1
2025-07-23,246.4,258.5,256.1,277.6,56.08,103.2,312.0,196.9,2.79,63.14,108.5,7.8,161.1,390.2
2025-07-24,247.6,260.7,260.1,275.8,56.0,103.4,310.05,200.4,2.71,63.16,108.4,7.83,159.9,390.5
2025-07-25,246.5,259.3,257.6,275.0,56.0,104.1,307.0,197.4,2.766,63.82,107.7,7.71,158.4,388.1
2025-07-28,255.0,259.5,265.4,273.0,57.22,107.8,305.0,196.8,2.75,63.16,107.4,7.73,157.5,385.4
2025-07-29,255.1,260.4,271.0,274.2,57.84,107.7,309.25,193.8,2.646,63.62,108.0,7.8,159.1,388.2
2025-07-30,250.9,260.9,268.4,273.2,57.16,104.9,308.4,192.8,2.588,62.82,108.4,7.75,158.4,383.7
2025-07-31,250.3,262.3,267.7,272.6,57.14,104.5,309.75,193.5,2.656,61.56,109.0,7.9,158.7,384.1
2025-08-01,246.2,257.7,261.6,270.8,55.84,105.5,304.85,191.1,2.476,61.56,108.3,7.76,161.1,383.4
2025-08-04,243.7,263.8,259.2,275.0,57.6,106.8,309.7,192.8,2.506,61.76,109.3,7.78,164.1,384.4
2025-08-05,243.1,262.6,258.4,279.2,60.1,109.3,310.95,195.0,2.45,62.46,110.1,7.79,162.2,387.7
2025-08-06,247.6,263.2,261.3,282.2,60.7,110.6,305.0,194.8,2.434,62.7,109.1,7.8,162.3,373.1
2025-08-07,244.8,265.6,254.1,285.2,58.32,110.4,298.0,199.3,2.43,63.44,110.0,8.19,160.3,368.8
2025-08-08,244.0,265.7,252.8,282.6,57.84,113.1,298.0,202.0,2.444,64.34,110.3,8.03,159.7,370.0
2025-08-11,244.4,266.4,249.3,281.0,55.62,110.7,293.55,201.0,2.404,63.66,111.0,7.95,161.5,372.4
2025-08-12,247.3,265.3,250.6,281.6,55.18,111.9,299.75,203.6,2.392,64.94,111.0,7.85,161.3,375.3
2025-08-13,246.1,267.6,250.5,282.6,55.14,112.7,295.55,201.8,2.418,65.82,111.5,7.9,163.4,375.3
2025-08-14,241.2,269.3,250.0,285.2,56.04,110.0,299.4,200.6,2.408,65.24,112.0,8.02,164.9,375.8
2025-08-15,243.2,269.1,249.9,285.0,54.68,107.9,297.2,202.4,2.392,65.7,112.0,8.09,165.4,380.5
2025-08-18,241.7,266.7,244.0,289.0,55.54,107.8,303.6,201.8,2.454,64.56,111.6,7.98,166.1,377.5
2025-08-19,242.6,268.7,246.7,288.8,56.5,107.9,285.05,204.0,2.49,65.12,112.5,8.09,166.0,375.6
2025-08-20,246.0,271.4,250.2,290.0,56.64,108.9,287.1,204.6,2.46,65.32,115.4,8.11,166.9,378.0
2025-08-21,252.4,273.6,252.0,289.2,59.28,110.7,293.15,208.2,2.43,65.22,115.2,8.12,166.1,372.4
2025-08-22,253.9,273.0,253.3,289.0,60.26,117.3,295.0,207.0,2.42,65.84,114.5,8.1,165.9,374.3
2025-08-25,254.2,274.4,250.6,286.8,60.3,112.1,296.25,207.0,2.398,66.66,114.4,8.22,165.8,372.2
2025-08-26,257.3,272.3,250.4,283.2,59.64,112.8,298.35,205.6,2.45,66.52,113.1,7.61,166.7,378.4
2025-08-27,254.7,267.7,250.4,281.4,59.66,115.3,294.25,204.0,2.428,65.58,112.6,7.42,166.7,368.8
2025-08-28,251.0,265.5,243.9,280.0,61.5,115.7,296.8,204.6,2.37,65.84,111.0,7.45,166.7,363.4
2025-08-29,253.9,264.7,247.8,279.2,61.46,115.4,300.05,206.6,2.31,65.18,112.3,7.45,167.6,365.7
2025-09-01,255.3,265.5,249.0,277.4,60.88,106.6,308.2,206.2,2.298,65.12,112.3,7.39,167.8,364.8
2025-09-02,255.5,265.7,249.2,274.0,61.02,107.8,299.45,202.8,2.27,64.36,111.3,7.14,167.9,364.1
2025-09-03,248.2,261.3,241.2,270.0,61.34,108.5,300.15,203.2,2.202,65.54,112.1,7.19,166.0,360.0
2025-09-04,246.7,264.6,242.7,277.0,61.32,112.2,297.1,205.6,2.2,65.7,114.2,7.14,170.3,358.3
2025-09-05,244.2,263.2,239.4,276.8,60.78,111.9,298.65,206.4,2.278,66.8,113.3,7.04,168.6,359.9
2025-09-08,243.3,263.4,241.0,276.0,61.76,114.6,299.2,207.4,2.25,65.82,113.3,6.9,167.3,361.5
2025-09-09,248.0,263.6,243.2,277.6,62.04,113.0,294.55,206.2,2.244,66.54,114.0,6.48,169.2,370.3
2025-09-10,248.5,267.3,243.4,284.2,61.4,111.0,307.0,212.0,2.252,66.26,113.1,6.6,168.6,363.7
2025-09-11,244.5,266.1,241.3,283.0,59.76,111.0,309.75,215.8,2.122,66.28,113.5,6.56,170.3,369.0
2025-09-12,244.2,267.7,241.5,283.2,60.82,110.2,309.2,215.8,2.1,66.82,113.3,6.5,170.4,370.5
2025-09-15,242.5,270.0,240.5,286.2,62.0,111.8,314.45,218.4,2.12,67.62,111.3,6.34,170.4,371.1
2025-09-16,246.4,268.2,241.6,282.2,62.22,113.0,310.3,217.0,2.11,67.58,108.3,6.52,168.1,367.0
2025-09-17,246.3,265.4,242.2,282.4,62.44,114.0,304.5,218.0,2.1,66.66,107.3,6.6,167.2,362.6
2025-09-18,249.0,265.4,243.5,275.4,62.24,114.6,304.1,216.8,2.132,66.82,106.7,6.55,165.4,359.7
2025-09-19,249.0,270.1,243.3,275.0,60.96,111.1,305.15,215.2,2.052,66.24,105.9,6.47,166.0,362.2
2025-09-22,246.3,266.9,241.2,277.4,60.44,112.0,317.15,216.0,2.128,66.32,105.6,6.1,164.2,361.3
2025-09-23,253.8,270.3,248.8,276.4,61.68,112.8,311.6,216.8,2.32,66.86,103.5,6.26,163.1,371.8
2025-09-24,258.3,267.4,254.9,276.6,62.32,113.7,318.35,216.6,2.18,67.18,103.8,7.1,163.3,374.5
2025-09-25,261.6,266.6,256.0,275.6,61.94,112.8,319.6,214.4,2.21,66.44,103.7,7.35,163.4,377.1
2025-09-26,263.3,273.0,257.5,281.0,62.22,112.1,319.05,212.8,2.268,65.8,103.9,7.8,165.3,370.8
2025-09-29,256.9,273.0,249.7,292.2,60.66,109.5,322.75,212.2,2.142,68.0,103.8,8.1,165.2,370.0
2025-09-30,253.1,271.5,243.4,292.6,60.12,107.0,318.95,210.8,2.152,67.6,104.2,7.66,165.4,364.6
2025-10-01,254.6,270.3,246.0,292.4,61.62,108.0,321.25,215.6,2.216,68.74,105.0,7.53,166.3,370.4
2025-10-02,255.4,268.4,246.4,289.2,62.0,109.1,329.5,210.8,2.256,68.4,103.4,7.58,164.6,369.4
2025-10-03,256.3,269.8,247.6,288.2,63.04,110.2,335.0,214.4,2.254,69.38,102.9,7.5,164.9,367.9
2025-10-06,264.9,269.1,253.2,292.6,62.8,109.2,332.55,213.2,2.42,69.7,102.2,7.35,165.2,369.0
2025-10-07,262.8,265.0,249.4,291.8,59.86,95.65,318.35,213.8,2.522,68.92,102.2,7.27,164.7,366.7
2025-10-08,265.6,268.1,246.9,289.6,59.06,94.85,323.9,213.6,2.504,69.36,102.2,7.35,163.9,373.2
2025-10-09,264.1,268.7,246.1,292.0,59.3,94.8,308.0,216.0,2.68,69.8,102.8,7.39,163.8,379.8
2025-10-10,255.9,276.2,239.0,289.2,59.52,95.05,305.8,221.0,2.666,68.42,104.2,7.35,166.3,374.8
2025-10-13,254.8,272.7,237.3,285.8,58.9,92.3,302.75,223.2,2.61,69.86,102.6,7.37,164.8,375.2
2025-10-14,249.6,273.7,235.2,287.0,56.48,93.35,301.1,223.2,2.5,68.56,104.0,7.26,169.0,372.2
2025-10-15,250.6,275.0,236.3,285.0,58.12,93.9,297.6,227.2,2.72,69.4,105.1,7.35,170.1,381.3
2025-10-16,250.2,273.4,235.9,282.4,59.6,93.7,299.0,228.4,2.714,69.94,106.1,7.21,166.2,382.6
2025-10-17,245.8,269.7,233.3,280.4,58.7,94.8,290.3,229.0,2.586,69.82,105.8,7.0,165.7,376.7
2025-10-20,246.0,271.0,232.9,279.4,60.0,95.7,292.3,231.2,2.432,69.92,106.0,7.11,165.8,375.7
2025-10-21,248.3,273.2,234.7,279.4,58.96,93.5,293.6,229.8,2.39,69.44,106.6,7.14,165.9,372.3
2025-10-22,256.5,259.6,237.4,280.6,59.08,92.55,291.75,228.8,2.298,70.22,106.3,6.94,162.9,372.2
2025-10-23,266.7,259.9,248.3,280.6,62.68,93.75,293.8,230.6,2.312,70.88,106.2,7.03,165.1,374.7
2025-10-24,266.5,259.3,245.4,266.2,62.36,93.65,295.3,230.0,2.344,68.4,106.4,6.9,164.0,381.0
2025-10-27,258.8,262.0,244.1,274.4,62.12,95.0,294.0,229.2,2.316,68.26,106.0,6.87,163.5,375.3
2025-10-28,253.6,259.8,242.0,274.0,62.46,94.8,293.95,227.6,2.312,68.64,105.8,6.77,162.9,371.0
2025-10-29,258.2,261.4,241.9,276.4,63.56,96.6,295.05,227.8,2.298,68.86,103.8,6.8,153.0,370.4
2025-10-30,262.8,260.0,242.6,275.0,64.0,90.1,241.2,223.6,2.302,67.26,103.1,6.7,151.7,367.2
2025-10-31,262.9,258.3,242.0,272.6,63.32,90.85,259.05,222.6,2.216,68.54,102.7,6.7,150.6,369.2
2025-11-03,262.7,262.2,244.2,272.8,64.0,90.65,259.15,221.2,2.212,68.36,103.8,6.7,150.1,373.8
2025-11-04,258.0,262.0,243.1,274.6,62.48,86.6,256.2,221.4,2.108,67.38,103.7,6.66,148.6,368.2
2025-11-05,257.3,261.9,247.1,275.6,62.38,87.35,253.5,225.8,2.17,67.94,102.6,6.58,148.8,372.1
2025-11-06,256.0,261.6,244.9,275.2,63.22,89.0,247.25,224.8,2.624,68.88,102.0,6.66,150.2,358.2
2025-11-07,257.6,259.4,245.9,275.4,62.96,90.6,247.0,223.4,2.48,69.86,101.1,6.57,148.9,356.8
2025-11-10,256.8,261.0,241.4,276.0,63.38,88.8,248.9,225.2,2.756,71.56,101.2,6.85,149.4,357.5
2025-11-11,264.1,263.6,248.7,277.6,64.42,88.15,245.85,223.6,2.682,71.78,102.0,6.96,146.1,371.0
2025-11-12,262.9,268.3,244.2,281.2,64.7,87.8,243.35,225.0,2.6,74.16,103.5,6.9,146.5,376.9
2025-11-13,261.6,269.1,242.0,277.2,65.26,86.0,247.2,223.6,2.594,74.38,102.4,6.92,145.3,378.9
2025-11-14,262.3,263.7,244.6,276.4,64.54,85.95,244.9,221.4,2.402,72.8,107.1,6.95,145.0,373.2
2025-11-17,262.8,265.5,246.8,276.8,66.4,87.3,248.95,220.0,2.36,72.34,106.3,6.75,144.2,370.0
2025-11-18,258.4,260.6,241.7,272.8,64.9,87.1,242.75,217.2,2.304,70.02,104.2,6.3,143.0,364.4
2025-11-19,253.1,261.4,236.0,274.2,65.5,89.7,236.4,219.6,2.352,71.0,105.0,6.3,141.5,363.3
2025-11-20,258.1,265.5,240.5,277.0,65.94,88.8,244.25,218.4,2.41,70.92,104.4,6.33,144.0,361.0
2025-11-21,250.8,264.6,234.9,275.8,64.78,86.9,231.75,218.4,2.304,70.54,106.1,6.23,145.1,365.2
2025-11-24,246.2,264.8,231.8,274.4,62.72,85.1,229.15,219.0,2.292,71.86,106.1,6.03,145.8,362.2
2025-11-25,242.9,266.7,229.7,276.2,60.56,87.4,231.1,220.0,2.38,71.62,107.3,6.03,146.7,365.4
2025-11-26,244.3,268.9,231.1,279.6,61.1,87.7,233.75,223.4,2.388,71.18,108.3,5.97,147.2,366.9
2025-11-27,244.6,272.0,231.8,282.0,60.64,88.4,245.0,224.8,2.394,72.18,108.1,6.09,147.0,368.0
2025-11-28,246.3,270.5,233.1,283.2,60.92,89.1,239.7,229.6,2.388,72.38,108.3,6.04,146.1,369.5
2025-12-01,247.3,270.0,232.6,284.6,59.14,90.3,237.2,227.4,2.344,72.62,107.7,6.18,144.8,372.5
2025-12-02,244.9,274.8,230.6,287.8,58.88,90.5,238.7,229.0,2.392,71.9,107.6,6.78,145.1,376.4
2025-12-03,250.1,273.0,234.4,280.0,60.68,89.25,240.5,233.8,2.388,72.9,107.1,6.42,143.9,380.0
2025-12-04,251.6,268.5,235.2,283.0,60.0,91.75,245.8,235.4,2.318,73.92,107.7,6.41,145.0,384.8
2025-12-05,253.1,270.0,235.6,282.8,60.22,92.05,246.2,236.8,2.32,73.96,107.6,6.53,145.0,389.9
2025-12-08,253.6,270.5,235.3,282.0,58.94,96.15,251.6,237.6,2.336,74.3,106.8,6.3,144.8,393.2
2025-12-09,251.2,271.7,234.1,292.0,57.76,95.25,256.5,236.4,2.294,74.34,109.1,6.2,144.1,379.2
2025-12-10,247.7,271.6,230.0,289.8,56.98,94.45,247.45,236.0,2.28,74.64,109.0,6.13,143.2,384.0
2025-12-11,249.7,273.6,231.6,290.0,57.64,96.45,250.05,234.8,2.286,75.86,109.8,6.15,143.8,397.0
2025-12-12,250.0,271.7,232.7,291.6,57.22,95.95,251.1,233.4,2.38,75.8,109.2,6.34,144.1,395.8
2025-12-15,247.5,276.8,232.4,294.6,56.76,96.65,251.55,236.2,2.388,74.88,111.2,6.3,145.0,398.1
2025-12-16,242.4,274.5,227.0,293.0,56.34,97.0,246.7,236.4,2.34,75.98,111.4,6.34,145.1,399.2
2025-12-17,245.5,275.1,232.1,291.6,56.62,97.05,252.5,240.4,2.304,77.68,111.6,6.33,145.4,405.3
2025-12-18,243.1,275.8,231.9,296.0,55.7,98.3,256.7,239.2,2.326,77.32,112.6,6.31,145.6,402.8
2025-12-19,245.4,280.7,232.1,296.6,54.32,94.75,258.25,242.6,2.328,77.68,112.7,6.16,142.9,410.8
2025-12-22,251.4,280.9,230.2,298.4,54.14,95.0,259.6,243.4,2.268,77.52,111.6,6.25,143.2,413.0
2025-12-23,250.3,282.4,232.0,298.8,53.52,95.5,260.7,240.2,2.28,77.88,112.0,6.36,143.8,416.9
2025-12-24,250.3,282.4,232.0,298.8,53.52,95.5,260.7,240.2,2.28,77.88,112.0,6.36,143.8,416.9
2025-12-29,252.8,280.3,235.2,297.8,54.0,97.15,258.85,242.8,2.236,77.28,112.6,6.61,146.2,412.0
2025-12-30,256.9,281.5,237.0,302.0,54.4,98.05,258.6,243.2,2.232,78.2,112.5,6.83,146.7,414.0
2025-12-31,256.9,281.5,237.0,302.0,54.4,98.05,258.6,243.2,2.232,78.2,112.5,6.83,146.7,414.0
2026-01-02,259.9,283.5,241.6,301.8,52.54,97.85,269.2,244.2,2.32,79.46,112.2,6.77,145.8,410.6
2026-01-05,255.6,280.5,237.7,298.0,53.08,97.4,277.95,240.0,2.264,81.58,109.0,6.7,144.5,414.0
2026-01-06,262.4,279.0,239.5,300.6,54.18,97.7,282.7,233.6,2.29,83.34,110.4,6.8,145.3,413.1
2026-01-07,253.1,277.0,232.2,291.8,56.0,101.7,285.1,232.8,2.304,81.58,109.5,6.79,144.3,400.5
2026-01-08,253.6,277.0,232.8,292.0,57.64,100.5,286.85,233.6,2.236,80.14,111.0,6.7,146.0,392.4
2026-01-09,262.5,276.2,239.7,282.8,58.06,100.8,299.25,231.2,2.234,81.68,111.0,6.75,144.0,396.2
2026-01-12,262.8,277.5,240.2,282.6,56.84,102.0,304.45,232.2,2.258,81.9,112.1,6.81,143.2,397.5
2026-01-13,274.4,277.9,246.4,281.6,59.98,103.8,299.2,230.4,2.29,82.72,111.5,6.8,142.0,406.7
2026-01-14,275.6,282.7,250.0,277.8,60.64,103.2,300.7,225.6,2.258,84.36,112.4,6.66,144.4,422.0
2026-01-15,270.3,282.6,247.4,281.2,58.58,98.4,303.6,232.8,2.26,84.9,113.1,6.76,143.2,423.8
2026-01-16,278.9,282.7,256.0,279.2,59.56,101.5,332.4,223.4,2.306,83.8,113.1,6.77,143.1,418.3
2026-01-19,275.4,278.2,247.5,278.6,58.38,98.6,329.55,218.6,2.252,83.28,113.1,6.68,146.3,412.5
2026-01-20,276.9,277.6,251.1,275.8,57.38,99.7,331.65,220.0,2.22,82.52,112.4,6.64,145.8,417.7
2026-01-21,279.7,279.2,253.3,276.4,57.48,99.95,330.8,214.6,2.236,85.1,111.2,6.7,146.4,421.2
2026-01-22,272.2,279.8,243.0,277.0,56.14,100.0,315.25,215.0,2.206,84.08,112.9,6.77,156.6,424.9
2026-01-23,279.5,278.0,249.7,265.4,56.88,100.4,320.5,211.2,2.3,85.96,111.6,6.85,154.9,440.0
2026-01-26,275.9,280.7,249.0,272.6,56.66,99.4,318.55,213.0,2.312,86.68,112.9,7.3,157.0,443.9
2026-01-27,274.0,282.9,250.7,275.4,57.0,102.5,323.6,215.0,2.246,86.22,112.6,7.41,156.5,436.6
2026-01-28,276.7,278.9,253.7,273.8,57.46,104.6,321.0,216.8,2.242,87.36,113.1,7.4,159.4,440.0
2026-01-29,283.2,275.6,257.4,273.2,58.18,104.9,322.55,221.0,2.18,88.72,113.7,7.4,161.4,445.7
2026-01-30,281.4,276.7,257.0,273.8,59.22,107.7,330.55,221.4,2.198,86.32,114.2,7.4,162.0,443.2
2026-02-02,276.4,280.9,252.7,277.4,58.9,108.2,329.7,220.6,2.19,86.04,114.8,7.32,162.8,444.3
2026-02-03,273.7,283.5,251.9,277.2,59.14,110.5,333.6,225.2,2.164,87.76,116.1,7.3,157.2,445.4
